id,discussion,parent,userid,userfullname,created,modified,mailed,subject,message,messageformat,messagetrust,attachment,totalscore,mailnow,deleted,privatereplyto,privatereplytofullname,wordcount,charcount
80000,50002,0,1002,Student B,"Monday, 01 January 2024, 09:35","Monday, 01 January 2024, 10:04",0,What do you think about digital ethic?,Data privacy is a major concern in the digital age. The spread of misinformation and fake news is a serious ethical issue. The use of personal data for political advertising is a controversial topic.,2,0,0,0,0,0,0,,34,199
80001,50000,0,1003,Student C,"Monday, 01 January 2024, 11:07","Monday, 01 January 2024, 11:27",0,What do you think about digital ethic?,Digital citizenship and responsible online behavior are important for everyone. The right to be forgotten is an interesting concept in digital ethics. The use of personal data for political advertising is a controversial topic. Digital ethics is crucial in today's interconnected world.,2,0,0,0,0,0,0,,42,286
80002,50000,0,1013,Student M,"Monday, 01 January 2024, 13:51","Monday, 01 January 2024, 14:43",0,What do you think about digital ethic?,It's important to have a strong ethical framework for the development and use of new technologies. The use of personal data for political advertising is a controversial topic.,2,0,0,0,0,0,0,,28,175
80003,50004,0,1008,Student H,"Monday, 01 January 2024, 15:32","Monday, 01 January 2024, 15:56",0,What do you think about digital ethic?,I think artificial intelligence raises new ethical questions that we need to address. The digital divide also has an ethical dimension that we should not ignore. I believe that education is key to promoting digital ethics. Data privacy is a major concern in the digital age.,2,0,0,0,0,0,0,,46,274
80004,50003,0,1015,Student O,"Monday, 01 January 2024, 17:41","Monday, 01 January 2024, 18:28",0,What do you think about digital ethic?,How do we ensure fairness and avoid bias in algorithms? The use of personal data for political advertising is a controversial topic.,2,0,0,0,0,0,0,,22,132
80005,50004,80003,1008,Student H,"Monday, 01 January 2024, 19:01","Monday, 01 January 2024, 19:58",0,Re: What do you think about digital ethic?,The digital divide also has an ethical dimension that we should not ignore. How do we ensure fairness and avoid bias in algorithms? Data privacy is a major concern in the digital age. I believe that education is key to promoting digital ethics.,2,0,0,0,0,0,0,,43,244
80006,50001,0,1009,Student I,"Monday, 01 January 2024, 21:56","Monday, 01 January 2024, 22:29",0,What do you think about digital ethic?,Digital ethics is crucial in today's interconnected world. The digital divide also has an ethical dimension that we should not ignore.,2,0,0,0,0,0,0,,21,134
80007,50003,80004,1010,Student J,"Monday, 01 January 2024, 23:36","Monday, 01 January 2024, 23:50",1,Re: What do you think about digital ethic?,Data privacy is a major concern in the digital age. The digital divide also has an ethical dimension that we should not ignore. The spread of misinformation and fake news is a serious ethical issue. What are your thoughts on the ethical implications of surveillance technologies? How do we ensure fairness and avoid bias in algorithms?,2,0,0,0,0,0,0,,56,335
80008,50000,80002,1004,Student D,"Tuesday, 02 January 2024, 01:13","Tuesday, 02 January 2024, 01:32",1,Re: What do you think about digital ethic?,The right to be forgotten is an interesting concept in digital ethics. It's important to have a strong ethical framework for the development and use of new technologies.,2,0,0,0,0,0,0,,28,169
80009,50004,80003,1003,Student C,"Tuesday, 02 January 2024, 03:20","Tuesday, 02 January 2024, 03:45",1,Re: What do you think about digital ethic?,It's important to have a strong ethical framework for the development and use of new technologies. The use of personal data for political advertising is a controversial topic. How do we ensure fairness and avoid bias in algorithms? What are your thoughts on the ethical implications of surveillance technologies? Companies should be transparent about how they use customer data.,2,0,0,0,0,0,0,,59,378
80010,50004,80003,1014,Student N,"Tuesday, 02 January 2024, 05:57","Tuesday, 02 January 2024, 06:09",1,Re: What do you think about digital ethic?,Digital ethics is crucial in today's interconnected world. The use of personal data for political advertising is a controversial topic. What are your thoughts on the ethical implications of surveillance technologies? The right to be forgotten is an interesting concept in digital ethics. Cyberbullying is a form of unethical behavior online.,2,0,0,0,0,0,0,,51,341
80011,50004,0,1014,Student N,"Tuesday, 02 January 2024, 07:50","Tuesday, 02 January 2024, 08:06",1,What do you think about digital ethic?,The right to be forgotten is an interesting concept in digital ethics. Digital citizenship and responsible online behavior are important for everyone. The use of personal data for political advertising is a controversial topic. I think artificial intelligence raises new ethical questions that we need to address.,2,0,0,0,0,0,0,,47,313
80012,50001,80006,1018,Student R,"Tuesday, 02 January 2024, 09:41","Tuesday, 02 January 2024, 10:16",0,Re: What do you think about digital ethic?,The use of personal data for political advertising is a controversial topic. The spread of misinformation and fake news is a serious ethical issue.,2,0,0,0,0,0,0,,24,147
80013,50001,80006,1013,Student M,"Tuesday, 02 January 2024, 11:55","Tuesday, 02 January 2024, 12:54",1,Re: What do you think about digital ethic?,The right to be forgotten is an interesting concept in digital ethics. Digital ethics is crucial in today's interconnected world. Data privacy is a major concern in the digital age. Digital citizenship and responsible online behavior are important for everyone.,2,0,0,0,0,0,0,,40,261
80014,50002,80000,1006,Student F,"Tuesday, 02 January 2024, 13:37","Tuesday, 02 January 2024, 13:47",0,Re: What do you think about digital ethic?,What are your thoughts on the ethical implications of surveillance technologies? Companies should be transparent about how they use customer data. The spread of misinformation and fake news is a serious ethical issue. I believe that education is key to promoting digital ethics. Data privacy is a major concern in the digital age.,2,0,0,0,0,0,0,,53,330
80015,50000,80002,1008,Student H,"Tuesday, 02 January 2024, 15:19","Tuesday, 02 January 2024, 15:55",0,Re: What do you think about digital ethic?,I think artificial intelligence raises new ethical questions that we need to address. I believe that education is key to promoting digital ethics. It's important to have a strong ethical framework for the development and use of new technologies. The digital divide also has an ethical dimension that we should not ignore. Cyberbullying is a form of unethical behavior online.,2,0,0,0,0,0,0,,60,375
80016,50004,0,1001,Student A,"Tuesday, 02 January 2024, 17:09","Tuesday, 02 January 2024, 17:58",1,What do you think about digital ethic?,What are your thoughts on the ethical implications of surveillance technologies? It's important to have a strong ethical framework for the development and use of new technologies. The digital divide also has an ethical dimension that we should not ignore.,2,0,0,0,0,0,0,,40,255
80017,50000,80001,1009,Student I,"Tuesday, 02 January 2024, 19:06","Tuesday, 02 January 2024, 19:22",0,Re: What do you think about digital ethic?,How do we ensure fairness and avoid bias in algorithms? The digital divide also has an ethical dimension that we should not ignore.,2,0,0,0,0,0,0,,23,131
80018,50001,80006,1011,Student K,"Tuesday, 02 January 2024, 21:27","Tuesday, 02 January 2024, 21:48",0,Re: What do you think about digital ethic?,What are your thoughts on the ethical implications of surveillance technologies? I think artificial intelligence raises new ethical questions that we need to address. The digital divide also has an ethical dimension that we should not ignore.,2,0,0,0,0,0,0,,37,242
80019,50001,80006,1016,Student P,"Tuesday, 02 January 2024, 23:01","Tuesday, 02 January 2024, 23:11",1,Re: What do you think about digital ethic?,I believe that education is key to promoting digital ethics. The right to be forgotten is an interesting concept in digital ethics. It's important to have a strong ethical framework for the development and use of new technologies. How do we ensure fairness and avoid bias in algorithms? Cyberbullying is a form of unethical behavior online.,2,0,0,0,0,0,0,,56,340
80020,50001,80006,1020,Student T,"Wednesday, 03 January 2024, 01:03","Wednesday, 03 January 2024, 01:33",1,Re: What do you think about digital ethic?,What are your thoughts on the ethical implications of surveillance technologies? The right to be forgotten is an interesting concept in digital ethics. The digital divide also has an ethical dimension that we should not ignore. Digital ethics is crucial in today's interconnected world.,2,0,0,0,0,0,0,,44,286
80021,50004,80003,1002,Student B,"Wednesday, 03 January 2024, 03:33","Wednesday, 03 January 2024, 03:49",0,Re: What do you think about digital ethic?,The use of personal data for political advertising is a controversial topic. Digital ethics is crucial in today's interconnected world. Companies should be transparent about how they use customer data. The digital divide also has an ethical dimension that we should not ignore.,2,0,0,0,0,0,0,,43,277
80022,50004,0,1016,Student P,"Wednesday, 03 January 2024, 05:14","Wednesday, 03 January 2024, 06:04",1,What do you think about digital ethic?,The digital divide also has an ethical dimension that we should not ignore. Digital citizenship and responsible online behavior are important for everyone.,2,0,0,0,0,0,0,,23,155
80023,50004,80022,1002,Student B,"Wednesday, 03 January 2024, 07:44","Wednesday, 03 January 2024, 08:02",1,Re: What do you think about digital ethic?,Companies should be transparent about how they use customer data. The spread of misinformation and fake news is a serious ethical issue. I think artificial intelligence raises new ethical questions that we need to address.,2,0,0,0,0,0,0,,35,222
80024,50003,0,1017,Student Q,"Wednesday, 03 January 2024, 09:55","Wednesday, 03 January 2024, 10:44",0,What do you think about digital ethic?,I think artificial intelligence raises new ethical questions that we need to address. Cyberbullying is a form of unethical behavior online. It's important to have a strong ethical framework for the development and use of new technologies.,2,0,0,0,0,0,0,,37,238
80025,50000,80002,1015,Student O,"Wednesday, 03 January 2024, 11:58","Wednesday, 03 January 2024, 12:50",1,Re: What do you think about digital ethic?,I think artificial intelligence raises new ethical questions that we need to address. Cyberbullying is a form of unethical behavior online. Digital ethics is crucial in today's interconnected world.,2,0,0,0,0,0,0,,29,198
80026,50000,80001,1019,Student S,"Wednesday, 03 January 2024, 13:09","Wednesday, 03 January 2024, 13:43",0,Re: What do you think about digital ethic?,Digital ethics is crucial in today's interconnected world. I believe that education is key to promoting digital ethics. Companies should be transparent about how they use customer data. Data privacy is a major concern in the digital age.,2,0,0,0,0,0,0,,38,237
80027,50004,80016,1007,Student G,"Wednesday, 03 January 2024, 15:02","Wednesday, 03 January 2024, 15:07",1,Re: What do you think about digital ethic?,The right to be forgotten is an interesting concept in digital ethics. Digital ethics is crucial in today's interconnected world. Companies should be transparent about how they use customer data. It's important to have a strong ethical framework for the development and use of new technologies.,2,0,0,0,0,0,0,,46,294
80028,50000,0,1020,Student T,"Wednesday, 03 January 2024, 17:35","Wednesday, 03 January 2024, 18:26",0,What do you think about digital ethic?,The use of personal data for political advertising is a controversial topic. How do we ensure fairness and avoid bias in algorithms?,2,0,0,0,0,0,0,,22,132
80029,50001,80006,1004,Student D,"Wednesday, 03 January 2024, 19:40","Wednesday, 03 January 2024, 20:20",1,Re: What do you think about digital ethic?,Data privacy is a major concern in the digital age. It's important to have a strong ethical framework for the development and use of new technologies.,2,0,0,0,0,0,0,,26,150
80030,50004,0,1016,Student P,"Wednesday, 03 January 2024, 21:38","Wednesday, 03 January 2024, 21:51",0,What do you think about digital ethic?,The digital divide also has an ethical dimension that we should not ignore. It's important to have a strong ethical framework for the development and use of new technologies. Data privacy is a major concern in the digital age.,2,0,0,0,0,0,0,,39,226
80031,50000,80028,1019,Student S,"Wednesday, 03 January 2024, 23:24","Thursday, 04 January 2024, 00:11",0,Re: What do you think about digital ethic?,The use of personal data for political advertising is a controversial topic. It's important to have a strong ethical framework for the development and use of new technologies.,2,0,0,0,0,0,0,,28,175
80032,50003,80004,1011,Student K,"Thursday, 04 January 2024, 01:38","Thursday, 04 January 2024, 02:21",0,Re: What do you think about digital ethic?,Data privacy is a major concern in the digital age. Companies should be transparent about how they use customer data. How do we ensure fairness and avoid bias in algorithms?,2,0,0,0,0,0,0,,30,173
80033,50003,80024,1003,Student C,"Thursday, 04 January 2024, 03:43","Thursday, 04 January 2024, 03:51",0,Re: What do you think about digital ethic?,I believe that education is key to promoting digital ethics. The right to be forgotten is an interesting concept in digital ethics. Cyberbullying is a form of unethical behavior online.,2,0,0,0,0,0,0,,30,185
80034,50001,80006,1015,Student O,"Thursday, 04 January 2024, 05:18","Thursday, 04 January 2024, 05:38",0,Re: What do you think about digital ethic?,I believe that education is key to promoting digital ethics. How do we ensure fairness and avoid bias in algorithms? I think artificial intelligence raises new ethical questions that we need to address. Digital ethics is crucial in today's interconnected world. The right to be forgotten is an interesting concept in digital ethics.,2,0,0,0,0,0,0,,53,332
80035,50002,80000,1016,Student P,"Thursday, 04 January 2024, 07:04","Thursday, 04 January 2024, 07:34",0,Re: What do you think about digital ethic?,The digital divide also has an ethical dimension that we should not ignore. I believe that education is key to promoting digital ethics. I think artificial intelligence raises new ethical questions that we need to address. The use of personal data for political advertising is a controversial topic. Cyberbullying is a form of unethical behavior online.,2,0,0,0,0,0,0,,56,353
80036,50001,80006,1003,Student C,"Thursday, 04 January 2024, 09:05","Thursday, 04 January 2024, 09:16",1,Re: What do you think about digital ethic?,The spread of misinformation and fake news is a serious ethical issue. The digital divide also has an ethical dimension that we should not ignore. Companies should be transparent about how they use customer data. Digital citizenship and responsible online behavior are important for everyone. Data privacy is a major concern in the digital age.,2,0,0,0,0,0,0,,55,344
80037,50001,80006,1005,Student E,"Thursday, 04 January 2024, 11:27","Thursday, 04 January 2024, 11:34",1,Re: What do you think about digital ethic?,Cyberbullying is a form of unethical behavior online. The right to be forgotten is an interesting concept in digital ethics. The spread of misinformation and fake news is a serious ethical issue. Digital citizenship and responsible online behavior are important for everyone. What are your thoughts on the ethical implications of surveillance technologies?,2,0,0,0,0,0,0,,53,356
80038,50002,0,1010,Student J,"Thursday, 04 January 2024, 13:19","Thursday, 04 January 2024, 13:42",0,What do you think about digital ethic?,Companies should be transparent about how they use customer data. Digital citizenship and responsible online behavior are important for everyone. The spread of misinformation and fake news is a serious ethical issue.,2,0,0,0,0,0,0,,32,216
80039,50002,80038,1014,Student N,"Thursday, 04 January 2024, 15:39","Thursday, 04 January 2024, 16:15",1,Re: What do you think about digital ethic?,It's important to have a strong ethical framework for the development and use of new technologies. Digital citizenship and responsible online behavior are important for everyone. The use of personal data for political advertising is a controversial topic. The right to be forgotten is an interesting concept in digital ethics. Data privacy is a major concern in the digital age.,2,0,0,0,0,0,0,,60,378
80040,50000,80028,1009,Student I,"Thursday, 04 January 2024, 17:46","Thursday, 04 January 2024, 17:57",1,Re: What do you think about digital ethic?,What are your thoughts on the ethical implications of surveillance technologies? I believe that education is key to promoting digital ethics.,2,0,0,0,0,0,0,,21,141
80041,50004,80016,1004,Student D,"Thursday, 04 January 2024, 19:53","Thursday, 04 January 2024, 20:23",0,Re: What do you think about digital ethic?,Digital citizenship and responsible online behavior are important for everyone. I believe that education is key to promoting digital ethics. The digital divide also has an ethical dimension that we should not ignore. The spread of misinformation and fake news is a serious ethical issue. Cyberbullying is a form of unethical behavior online.,2,0,0,0,0,0,0,,53,341
80042,50004,0,1017,Student Q,"Thursday, 04 January 2024, 21:30","Thursday, 04 January 2024, 21:37",0,What do you think about digital ethic?,It's important to have a strong ethical framework for the development and use of new technologies. The spread of misinformation and fake news is a serious ethical issue.,2,0,0,0,0,0,0,,28,169
80043,50002,80038,1008,Student H,"Thursday, 04 January 2024, 23:21","Friday, 05 January 2024, 00:07",0,Re: What do you think about digital ethic?,The digital divide also has an ethical dimension that we should not ignore. It's important to have a strong ethical framework for the development and use of new technologies. I believe that education is key to promoting digital ethics. The right to be forgotten is an interesting concept in digital ethics. Digital citizenship and responsible online behavior are important for everyone.,2,0,0,0,0,0,0,,61,386
80044,50004,80011,1016,Student P,"Friday, 05 January 2024, 01:42","Friday, 05 January 2024, 02:06",0,Re: What do you think about digital ethic?,Digital citizenship and responsible online behavior are important for everyone. Data privacy is a major concern in the digital age.,2,0,0,0,0,0,0,,20,131
80045,50000,80002,1010,Student J,"Friday, 05 January 2024, 03:49","Friday, 05 January 2024, 04:02",1,Re: What do you think about digital ethic?,I think artificial intelligence raises new ethical questions that we need to address. What are your thoughts on the ethical implications of surveillance technologies?,2,0,0,0,0,0,0,,24,166
80046,50004,80022,1011,Student K,"Friday, 05 January 2024, 05:07","Friday, 05 January 2024, 05:29",1,Re: What do you think about digital ethic?,I think artificial intelligence raises new ethical questions that we need to address. Digital ethics is crucial in today's interconnected world.,2,0,0,0,0,0,0,,21,144
80047,50002,80000,1014,Student N,"Friday, 05 January 2024, 07:10","Friday, 05 January 2024, 08:05",1,Re: What do you think about digital ethic?,Cyberbullying is a form of unethical behavior online. What are your thoughts on the ethical implications of surveillance technologies? Data privacy is a major concern in the digital age. Digital citizenship and responsible online behavior are important for everyone. The spread of misinformation and fake news is a serious ethical issue.,2,0,0,0,0,0,0,,51,337
80048,50000,80001,1009,Student I,"Friday, 05 January 2024, 09:40","Friday, 05 January 2024, 10:11",0,Re: What do you think about digital ethic?,Digital ethics is crucial in today's interconnected world. It's important to have a strong ethical framework for the development and use of new technologies. Digital citizenship and responsible online behavior are important for everyone. How do we ensure fairness and avoid bias in algorithms? I believe that education is key to promoting digital ethics.,2,0,0,0,0,0,0,,54,354
80049,50001,80006,1011,Student K,"Friday, 05 January 2024, 11:08","Friday, 05 January 2024, 11:26",0,Re: What do you think about digital ethic?,Data privacy is a major concern in the digital age. Digital ethics is crucial in today's interconnected world. How do we ensure fairness and avoid bias in algorithms? It's important to have a strong ethical framework for the development and use of new technologies.,2,0,0,0,0,0,0,,44,265
80050,50000,80028,1009,Student I,"Friday, 05 January 2024, 13:10","Friday, 05 January 2024, 13:55",1,Re: What do you think about digital ethic?,The right to be forgotten is an interesting concept in digital ethics. The use of personal data for political advertising is a controversial topic. I believe that education is key to promoting digital ethics. Companies should be transparent about how they use customer data.,2,0,0,0,0,0,0,,44,274
80051,50001,0,1005,Student E,"Friday, 05 January 2024, 15:48","Friday, 05 January 2024, 16:34",1,What do you think about digital ethic?,How do we ensure fairness and avoid bias in algorithms? Cyberbullying is a form of unethical behavior online. Companies should be transparent about how they use customer data. What are your thoughts on the ethical implications of surveillance technologies?,2,0,0,0,0,0,0,,39,256
80052,50002,80038,1016,Student P,"Friday, 05 January 2024, 17:43","Friday, 05 January 2024, 18:28",0,Re: What do you think about digital ethic?,I believe that education is key to promoting digital ethics. The spread of misinformation and fake news is a serious ethical issue. How do we ensure fairness and avoid bias in algorithms? Cyberbullying is a form of unethical behavior online.,2,0,0,0,0,0,0,,40,241
80053,50003,80004,1010,Student J,"Friday, 05 January 2024, 19:30","Friday, 05 January 2024, 19:46",1,Re: What do you think about digital ethic?,Companies should be transparent about how they use customer data. What are your thoughts on the ethical implications of surveillance technologies? It's important to have a strong ethical framework for the development and use of new technologies.,2,0,0,0,0,0,0,,37,245
80054,50001,80051,1003,Student C,"Friday, 05 January 2024, 21:03","Friday, 05 January 2024, 22:00",1,Re: What do you think about digital ethic?,Digital ethics is crucial in today's interconnected world. Cyberbullying is a form of unethical behavior online. The spread of misinformation and fake news is a serious ethical issue. Companies should be transparent about how they use customer data. Digital citizenship and responsible online behavior are important for everyone.,2,0,0,0,0,0,0,,48,329
80055,50004,80030,1009,Student I,"Friday, 05 January 2024, 23:14","Saturday, 06 January 2024, 00:06",0,Re: What do you think about digital ethic?,The spread of misinformation and fake news is a serious ethical issue. How do we ensure fairness and avoid bias in algorithms? Cyberbullying is a form of unethical behavior online.,2,0,0,0,0,0,0,,30,180
80056,50004,80042,1011,Student K,"Saturday, 06 January 2024, 01:03","Saturday, 06 January 2024, 02:03",1,Re: What do you think about digital ethic?,The spread of misinformation and fake news is a serious ethical issue. Digital ethics is crucial in today's interconnected world. The use of personal data for political advertising is a controversial topic.,2,0,0,0,0,0,0,,32,206
80057,50003,80004,1006,Student F,"Saturday, 06 January 2024, 03:50","Saturday, 06 January 2024, 04:38",0,Re: What do you think about digital ethic?,Data privacy is a major concern in the digital age. It's important to have a strong ethical framework for the development and use of new technologies. Digital citizenship and responsible online behavior are important for everyone. The spread of misinformation and fake news is a serious ethical issue. Cyberbullying is a form of unethical behavior online.,2,0,0,0,0,0,0,,56,355
80058,50000,0,1019,Student S,"Saturday, 06 January 2024, 05:04","Saturday, 06 January 2024, 05:59",1,What do you think about digital ethic?,Digital citizenship and responsible online behavior are important for everyone. I think artificial intelligence raises new ethical questions that we need to address. It's important to have a strong ethical framework for the development and use of new technologies. The use of personal data for political advertising is a controversial topic.,2,0,0,0,0,0,0,,51,341
80059,50001,80006,1005,Student E,"Saturday, 06 January 2024, 07:28","Saturday, 06 January 2024, 07:42",1,Re: What do you think about digital ethic?,The digital divide also has an ethical dimension that we should not ignore. How do we ensure fairness and avoid bias in algorithms? It's important to have a strong ethical framework for the development and use of new technologies. Cyberbullying is a form of unethical behavior online.,2,0,0,0,0,0,0,,47,284
80060,50002,80000,1010,Student J,"Saturday, 06 January 2024, 09:39","Saturday, 06 January 2024, 09:49",0,Re: What do you think about digital ethic?,Digital ethics is crucial in today's interconnected world. Companies should be transparent about how they use customer data. Cyberbullying is a form of unethical behavior online.,2,0,0,0,0,0,0,,26,178
80061,50003,80024,1012,Student L,"Saturday, 06 January 2024, 11:37","Saturday, 06 January 2024, 12:35",0,Re: What do you think about digital ethic?,Digital ethics is crucial in today's interconnected world. How do we ensure fairness and avoid bias in algorithms? The use of personal data for political advertising is a controversial topic. Cyberbullying is a form of unethical behavior online.,2,0,0,0,0,0,0,,38,245
80062,50002,0,1007,Student G,"Saturday, 06 January 2024, 13:44","Saturday, 06 January 2024, 14:12",0,What do you think about digital ethic?,Cyberbullying is a form of unethical behavior online. The spread of misinformation and fake news is a serious ethical issue. The use of personal data for political advertising is a controversial topic. The right to be forgotten is an interesting concept in digital ethics.,2,0,0,0,0,0,0,,44,272
80063,50003,0,1018,Student R,"Saturday, 06 January 2024, 15:21","Saturday, 06 January 2024, 15:58",1,What do you think about digital ethic?,Companies should be transparent about how they use customer data. How do we ensure fairness and avoid bias in algorithms?,2,0,0,0,0,0,0,,20,121
80064,50003,80004,1006,Student F,"Saturday, 06 January 2024, 17:08","Saturday, 06 January 2024, 17:59",0,Re: What do you think about digital ethic?,Digital citizenship and responsible online behavior are important for everyone. Cyberbullying is a form of unethical behavior online. The right to be forgotten is an interesting concept in digital ethics. Companies should be transparent about how they use customer data. Data privacy is a major concern in the digital age.,2,0,0,0,0,0,0,,50,322
80065,50004,80030,1004,Student D,"Saturday, 06 January 2024, 19:31","Saturday, 06 January 2024, 19:50",1,Re: What do you think about digital ethic?,The use of personal data for political advertising is a controversial topic. The digital divide also has an ethical dimension that we should not ignore.,2,0,0,0,0,0,0,,25,152
80066,50001,0,1015,Student O,"Saturday, 06 January 2024, 21:27","Saturday, 06 January 2024, 21:47",0,What do you think about digital ethic?,Digital citizenship and responsible online behavior are important for everyone. It's important to have a strong ethical framework for the development and use of new technologies.,2,0,0,0,0,0,0,,26,178
80067,50001,80051,1016,Student P,"Saturday, 06 January 2024, 23:05","Saturday, 06 January 2024, 23:52",0,Re: What do you think about digital ethic?,It's important to have a strong ethical framework for the development and use of new technologies. Digital citizenship and responsible online behavior are important for everyone.,2,0,0,0,0,0,0,,26,178
80068,50000,0,1001,Student A,"Sunday, 07 January 2024, 01:51","Sunday, 07 January 2024, 02:01",1,What do you think about digital ethic?,The use of personal data for political advertising is a controversial topic. Digital ethics is crucial in today's interconnected world. It's important to have a strong ethical framework for the development and use of new technologies.,2,0,0,0,0,0,0,,36,234
80069,50000,80028,1008,Student H,"Sunday, 07 January 2024, 03:23","Sunday, 07 January 2024, 03:54",0,Re: What do you think about digital ethic?,The use of personal data for political advertising is a controversial topic. The digital divide also has an ethical dimension that we should not ignore. Digital ethics is crucial in today's interconnected world.,2,0,0,0,0,0,0,,33,211
80070,50001,80006,1019,Student S,"Sunday, 07 January 2024, 05:49","Sunday, 07 January 2024, 06:10",1,Re: What do you think about digital ethic?,The use of personal data for political advertising is a controversial topic. It's important to have a strong ethical framework for the development and use of new technologies. The digital divide also has an ethical dimension that we should not ignore.,2,0,0,0,0,0,0,,41,251
80071,50001,80051,1013,Student M,"Sunday, 07 January 2024, 07:21","Sunday, 07 January 2024, 07:26",0,Re: What do you think about digital ethic?,Data privacy is a major concern in the digital age. Companies should be transparent about how they use customer data. The use of personal data for political advertising is a controversial topic. The right to be forgotten is an interesting concept in digital ethics. What are your thoughts on the ethical implications of surveillance technologies?,2,0,0,0,0,0,0,,55,346
80072,50000,80001,1008,Student H,"Sunday, 07 January 2024, 09:04","Sunday, 07 January 2024, 09:27",1,Re: What do you think about digital ethic?,What are your thoughts on the ethical implications of surveillance technologies? I believe that education is key to promoting digital ethics. Digital citizenship and responsible online behavior are important for everyone. Companies should be transparent about how they use customer data. It's important to have a strong ethical framework for the development and use of new technologies.,2,0,0,0,0,0,0,,57,386
80073,50003,80063,1016,Student P,"Sunday, 07 January 2024, 11:55","Sunday, 07 January 2024, 12:22",1,Re: What do you think about digital ethic?,Digital ethics is crucial in today's interconnected world. Companies should be transparent about how they use customer data.,2,0,0,0,0,0,0,,18,124
80074,50001,80006,1016,Student P,"Sunday, 07 January 2024, 13:30","Sunday, 07 January 2024, 13:41",0,Re: What do you think about digital ethic?,Cyberbullying is a form of unethical behavior online. How do we ensure fairness and avoid bias in algorithms?,2,0,0,0,0,0,0,,18,109
80075,50000,80068,1017,Student Q,"Sunday, 07 January 2024, 15:11","Sunday, 07 January 2024, 15:46",0,Re: What do you think about digital ethic?,I believe that education is key to promoting digital ethics. The spread of misinformation and fake news is a serious ethical issue. It's important to have a strong ethical framework for the development and use of new technologies. Digital citizenship and responsible online behavior are important for everyone. Digital ethics is crucial in today's interconnected world.,2,0,0,0,0,0,0,,56,369
80076,50001,80066,1010,Student J,"Sunday, 07 January 2024, 17:59","Sunday, 07 January 2024, 18:09",0,Re: What do you think about digital ethic?,The use of personal data for political advertising is a controversial topic. It's important to have a strong ethical framework for the development and use of new technologies. What are your thoughts on the ethical implications of surveillance technologies? How do we ensure fairness and avoid bias in algorithms? Data privacy is a major concern in the digital age.,2,0,0,0,0,0,0,,59,364
80077,50001,0,1005,Student E,"Sunday, 07 January 2024, 19:40","Sunday, 07 January 2024, 19:49",0,What do you think about digital ethic?,How do we ensure fairness and avoid bias in algorithms? Digital citizenship and responsible online behavior are important for everyone. Companies should be transparent about how they use customer data. What are your thoughts on the ethical implications of surveillance technologies? Digital ethics is crucial in today's interconnected world.,2,0,0,0,0,0,0,,49,341
80078,50000,80058,1003,Student C,"Sunday, 07 January 2024, 21:57","Sunday, 07 January 2024, 22:13",0,Re: What do you think about digital ethic?,Digital ethics is crucial in today's interconnected world. The right to be forgotten is an interesting concept in digital ethics. It's important to have a strong ethical framework for the development and use of new technologies.,2,0,0,0,0,0,0,,36,228
80079,50002,0,1019,Student S,"Sunday, 07 January 2024, 23:18","Sunday, 07 January 2024, 23:26",0,What do you think about digital ethic?,Companies should be transparent about how they use customer data. I believe that education is key to promoting digital ethics. It's important to have a strong ethical framework for the development and use of new technologies. Data privacy is a major concern in the digital age.,2,0,0,0,0,0,0,,46,277
80080,50001,80051,1010,Student J,"Monday, 08 January 2024, 01:30","Monday, 08 January 2024, 02:02",0,Re: What do you think about digital ethic?,I think artificial intelligence raises new ethical questions that we need to address. What are your thoughts on the ethical implications of surveillance technologies? Cyberbullying is a form of unethical behavior online. The right to be forgotten is an interesting concept in digital ethics. Companies should be transparent about how they use customer data.,2,0,0,0,0,0,0,,54,357
80081,50002,80000,1007,Student G,"Monday, 08 January 2024, 03:10","Monday, 08 January 2024, 03:25",0,Re: What do you think about digital ethic?,The right to be forgotten is an interesting concept in digital ethics. I think artificial intelligence raises new ethical questions that we need to address. The use of personal data for political advertising is a controversial topic.,2,0,0,0,0,0,0,,37,233
80082,50002,80062,1004,Student D,"Monday, 08 January 2024, 05:24","Monday, 08 January 2024, 05:38",0,Re: What do you think about digital ethic?,It's important to have a strong ethical framework for the development and use of new technologies. The digital divide also has an ethical dimension that we should not ignore. How do we ensure fairness and avoid bias in algorithms? Cyberbullying is a form of unethical behavior online. Companies should be transparent about how they use customer data.,2,0,0,0,0,0,0,,57,350
80083,50004,80011,1011,Student K,"Monday, 08 January 2024, 07:48","Monday, 08 January 2024, 07:53",1,Re: What do you think about digital ethic?,I think artificial intelligence raises new ethical questions that we need to address. It's important to have a strong ethical framework for the development and use of new technologies. The right to be forgotten is an interesting concept in digital ethics. The digital divide also has an ethical dimension that we should not ignore.,2,0,0,0,0,0,0,,54,331
80084,50001,80077,1016,Student P,"Monday, 08 January 2024, 09:34","Monday, 08 January 2024, 10:00",1,Re: What do you think about digital ethic?,The use of personal data for political advertising is a controversial topic. Cyberbullying is a form of unethical behavior online. Companies should be transparent about how they use customer data. I believe that education is key to promoting digital ethics. It's important to have a strong ethical framework for the development and use of new technologies.,2,0,0,0,0,0,0,,56,356
80085,50004,80030,1012,Student L,"Monday, 08 January 2024, 11:38","Monday, 08 January 2024, 12:03",0,Re: What do you think about digital ethic?,Digital citizenship and responsible online behavior are important for everyone. What are your thoughts on the ethical implications of surveillance technologies? Cyberbullying is a form of unethical behavior online.,2,0,0,0,0,0,0,,29,214
80086,50001,80077,1018,Student R,"Monday, 08 January 2024, 13:14","Monday, 08 January 2024, 13:50",0,Re: What do you think about digital ethic?,The digital divide also has an ethical dimension that we should not ignore. Companies should be transparent about how they use customer data.,2,0,0,0,0,0,0,,23,141
80087,50003,80063,1002,Student B,"Monday, 08 January 2024, 15:27","Monday, 08 January 2024, 15:38",1,Re: What do you think about digital ethic?,The use of personal data for political advertising is a controversial topic. I think artificial intelligence raises new ethical questions that we need to address. Data privacy is a major concern in the digital age.,2,0,0,0,0,0,0,,35,214
80088,50004,80011,1012,Student L,"Monday, 08 January 2024, 17:05","Monday, 08 January 2024, 17:48",0,Re: What do you think about digital ethic?,How do we ensure fairness and avoid bias in algorithms? The right to be forgotten is an interesting concept in digital ethics. I believe that education is key to promoting digital ethics.,2,0,0,0,0,0,0,,32,187
80089,50003,80004,1014,Student N,"Monday, 08 January 2024, 19:43","Monday, 08 January 2024, 20:03",1,Re: What do you think about digital ethic?,The right to be forgotten is an interesting concept in digital ethics. Digital citizenship and responsible online behavior are important for everyone. I believe that education is key to promoting digital ethics. Digital ethics is crucial in today's interconnected world. What are your thoughts on the ethical implications of surveillance technologies?,2,0,0,0,0,0,0,,51,351
80090,50000,80001,1014,Student N,"Monday, 08 January 2024, 21:28","Monday, 08 January 2024, 22:04",1,Re: What do you think about digital ethic?,The digital divide also has an ethical dimension that we should not ignore. Companies should be transparent about how they use customer data. What are your thoughts on the ethical implications of surveillance technologies? The spread of misinformation and fake news is a serious ethical issue. How do we ensure fairness and avoid bias in algorithms?,2,0,0,0,0,0,0,,56,349
80091,50002,80000,1009,Student I,"Monday, 08 January 2024, 23:12","Monday, 08 January 2024, 23:38",0,Re: What do you think about digital ethic?,Data privacy is a major concern in the digital age. It's important to have a strong ethical framework for the development and use of new technologies. How do we ensure fairness and avoid bias in algorithms? I think artificial intelligence raises new ethical questions that we need to address. The digital divide also has an ethical dimension that we should not ignore.,2,0,0,0,0,0,0,,62,368
80092,50000,80058,1010,Student J,"Tuesday, 09 January 2024, 01:17","Tuesday, 09 January 2024, 01:40",0,Re: What do you think about digital ethic?,Digital ethics is crucial in today's interconnected world. I believe that education is key to promoting digital ethics.,2,0,0,0,0,0,0,,18,119
80093,50000,80001,1015,Student O,"Tuesday, 09 January 2024, 03:08","Tuesday, 09 January 2024, 03:18",0,Re: What do you think about digital ethic?,The use of personal data for political advertising is a controversial topic. How do we ensure fairness and avoid bias in algorithms?,2,0,0,0,0,0,0,,22,132
80094,50002,80062,1004,Student D,"Tuesday, 09 January 2024, 05:31","Tuesday, 09 January 2024, 06:04",1,Re: What do you think about digital ethic?,The spread of misinformation and fake news is a serious ethical issue. How do we ensure fairness and avoid bias in algorithms? It's important to have a strong ethical framework for the development and use of new technologies. What are your thoughts on the ethical implications of surveillance technologies?,2,0,0,0,0,0,0,,49,306
80095,50004,80011,1020,Student T,"Tuesday, 09 January 2024, 07:56","Tuesday, 09 January 2024, 08:36",1,Re: What do you think about digital ethic?,I believe that education is key to promoting digital ethics. The spread of misinformation and fake news is a serious ethical issue. Digital citizenship and responsible online behavior are important for everyone.,2,0,0,0,0,0,0,,32,211
80096,50000,80068,1016,Student P,"Tuesday, 09 January 2024, 09:21","Tuesday, 09 January 2024, 10:10",1,Re: What do you think about digital ethic?,What are your thoughts on the ethical implications of surveillance technologies? Digital ethics is crucial in today's interconnected world. I believe that education is key to promoting digital ethics. Digital citizenship and responsible online behavior are important for everyone. Cyberbullying is a form of unethical behavior online.,2,0,0,0,0,0,0,,47,334
80097,50002,0,1012,Student L,"Tuesday, 09 January 2024, 11:01","Tuesday, 09 January 2024, 11:07",1,What do you think about digital ethic?,The digital divide also has an ethical dimension that we should not ignore. Cyberbullying is a form of unethical behavior online. Data privacy is a major concern in the digital age.,2,0,0,0,0,0,0,,31,181
80098,50000,80002,1013,Student M,"Tuesday, 09 January 2024, 13:52","Tuesday, 09 January 2024, 13:58",0,Re: What do you think about digital ethic?,I believe that education is key to promoting digital ethics. I think artificial intelligence raises new ethical questions that we need to address. The right to be forgotten is an interesting concept in digital ethics. Cyberbullying is a form of unethical behavior online.,2,0,0,0,0,0,0,,43,271
80099,50004,80016,1007,Student G,"Tuesday, 09 January 2024, 15:15","Tuesday, 09 January 2024, 16:04",0,Re: What do you think about digital ethic?,Cyberbullying is a form of unethical behavior online. The spread of misinformation and fake news is a serious ethical issue. I believe that education is key to promoting digital ethics. It's important to have a strong ethical framework for the development and use of new technologies. The right to be forgotten is an interesting concept in digital ethics.,2,0,0,0,0,0,0,,58,355
80100,50004,80022,1011,Student K,"Tuesday, 09 January 2024, 17:29","Tuesday, 09 January 2024, 18:01",0,Re: What do you think about digital ethic?,The spread of misinformation and fake news is a serious ethical issue. What are your thoughts on the ethical implications of surveillance technologies?,2,0,0,0,0,0,0,,23,151
80101,50000,0,1004,Student D,"Tuesday, 09 January 2024, 19:45","Tuesday, 09 January 2024, 20:06",0,What do you think about digital ethic?,The digital divide also has an ethical dimension that we should not ignore. Digital citizenship and responsible online behavior are important for everyone. Cyberbullying is a form of unethical behavior online. I believe that education is key to promoting digital ethics. The right to be forgotten is an interesting concept in digital ethics.,2,0,0,0,0,0,0,,53,341
80102,50004,0,1017,Student Q,"Tuesday, 09 January 2024, 21:57","Tuesday, 09 January 2024, 22:27",0,What do you think about digital ethic?,Companies should be transparent about how they use customer data. Digital ethics is crucial in today's interconnected world. The spread of misinformation and fake news is a serious ethical issue. Cyberbullying is a form of unethical behavior online.,2,0,0,0,0,0,0,,38,249
80103,50003,80063,1017,Student Q,"Tuesday, 09 January 2024, 23:29","Tuesday, 09 January 2024, 23:34",0,Re: What do you think about digital ethic?,I believe that education is key to promoting digital ethics. Companies should be transparent about how they use customer data.,2,0,0,0,0,0,0,,20,126
80104,50002,80000,1001,Student A,"Wednesday, 10 January 2024, 01:48","Wednesday, 10 January 2024, 02:40",0,Re: What do you think about digital ethic?,Digital ethics is crucial in today's interconnected world. The use of personal data for political advertising is a controversial topic. I believe that education is key to promoting digital ethics.,2,0,0,0,0,0,0,,30,196
80105,50003,80024,1009,Student I,"Wednesday, 10 January 2024, 03:35","Wednesday, 10 January 2024, 03:40",1,Re: What do you think about digital ethic?,I think artificial intelligence raises new ethical questions that we need to address. The use of personal data for political advertising is a controversial topic. The right to be forgotten is an interesting concept in digital ethics. Data privacy is a major concern in the digital age. Companies should be transparent about how they use customer data.,2,0,0,0,0,0,0,,57,351
80106,50002,80038,1020,Student T,"Wednesday, 10 January 2024, 05:39","Wednesday, 10 January 2024, 06:26",0,Re: What do you think about digital ethic?,The digital divide also has an ethical dimension that we should not ignore. The use of personal data for political advertising is a controversial topic.,2,0,0,0,0,0,0,,25,152
80107,50001,0,1020,Student T,"Wednesday, 10 January 2024, 07:59","Wednesday, 10 January 2024, 08:46",0,What do you think about digital ethic?,The right to be forgotten is an interesting concept in digital ethics. Data privacy is a major concern in the digital age. What are your thoughts on the ethical implications of surveillance technologies? The digital divide also has an ethical dimension that we should not ignore. Cyberbullying is a form of unethical behavior online.,2,0,0,0,0,0,0,,54,333
80108,50000,80058,1014,Student N,"Wednesday, 10 January 2024, 09:23","Wednesday, 10 January 2024, 09:37",0,Re: What do you think about digital ethic?,It's important to have a strong ethical framework for the development and use of new technologies. How do we ensure fairness and avoid bias in algorithms? Digital ethics is crucial in today's interconnected world. The digital divide also has an ethical dimension that we should not ignore.,2,0,0,0,0,0,0,,47,289
80109,50003,80004,1001,Student A,"Wednesday, 10 January 2024, 11:00","Wednesday, 10 January 2024, 11:46",0,Re: What do you think about digital ethic?,The use of personal data for political advertising is a controversial topic. Cyberbullying is a form of unethical behavior online.,2,0,0,0,0,0,0,,20,130
80110,50000,80101,1003,Student C,"Wednesday, 10 January 2024, 13:13","Wednesday, 10 January 2024, 13:48",0,Re: What do you think about digital ethic?,I believe that education is key to promoting digital ethics. The right to be forgotten is an interesting concept in digital ethics. It's important to have a strong ethical framework for the development and use of new technologies. What are your thoughts on the ethical implications of surveillance technologies? Companies should be transparent about how they use customer data.,2,0,0,0,0,0,0,,59,377
80111,50002,0,1020,Student T,"Wednesday, 10 January 2024, 15:55","Wednesday, 10 January 2024, 16:47",0,What do you think about digital ethic?,How do we ensure fairness and avoid bias in algorithms? Digital ethics is crucial in today's interconnected world. I think artificial intelligence raises new ethical questions that we need to address. I believe that education is key to promoting digital ethics. Data privacy is a major concern in the digital age.,2,0,0,0,0,0,0,,51,313
80112,50000,80002,1013,Student M,"Wednesday, 10 January 2024, 17:31","Wednesday, 10 January 2024, 18:14",1,Re: What do you think about digital ethic?,I believe that education is key to promoting digital ethics. Companies should be transparent about how they use customer data. The use of personal data for political advertising is a controversial topic. Digital ethics is crucial in today's interconnected world.,2,0,0,0,0,0,0,,40,262
80113,50001,80006,1014,Student N,"Wednesday, 10 January 2024, 19:08","Wednesday, 10 January 2024, 19:43",0,Re: What do you think about digital ethic?,The digital divide also has an ethical dimension that we should not ignore. How do we ensure fairness and avoid bias in algorithms?,2,0,0,0,0,0,0,,23,131
80114,50000,80002,1002,Student B,"Wednesday, 10 January 2024, 21:37","Wednesday, 10 January 2024, 22:04",0,Re: What do you think about digital ethic?,The use of personal data for political advertising is a controversial topic. Digital citizenship and responsible online behavior are important for everyone. I think artificial intelligence raises new ethical questions that we need to address.,2,0,0,0,0,0,0,,35,242
80115,50003,80004,1005,Student E,"Wednesday, 10 January 2024, 23:29","Wednesday, 10 January 2024, 23:34",1,Re: What do you think about digital ethic?,Companies should be transparent about how they use customer data. I believe that education is key to promoting digital ethics. Digital citizenship and responsible online behavior are important for everyone.,2,0,0,0,0,0,0,,30,206
80116,50004,0,1005,Student E,"Thursday, 11 January 2024, 01:45","Thursday, 11 January 2024, 02:07",1,What do you think about digital ethic?,I think artificial intelligence raises new ethical questions that we need to address. It's important to have a strong ethical framework for the development and use of new technologies. Data privacy is a major concern in the digital age.,2,0,0,0,0,0,0,,39,236
80117,50001,80051,1008,Student H,"Thursday, 11 January 2024, 03:15","Thursday, 11 January 2024, 03:53",0,Re: What do you think about digital ethic?,The right to be forgotten is an interesting concept in digital ethics. It's important to have a strong ethical framework for the development and use of new technologies. The use of personal data for political advertising is a controversial topic. The spread of misinformation and fake news is a serious ethical issue. Digital citizenship and responsible online behavior are important for everyone.,2,0,0,0,0,0,0,,62,397
80118,50000,0,1015,Student O,"Thursday, 11 January 2024, 05:19","Thursday, 11 January 2024, 06:01",1,What do you think about digital ethic?,The digital divide also has an ethical dimension that we should not ignore. The spread of misinformation and fake news is a serious ethical issue. Digital ethics is crucial in today's interconnected world. I think artificial intelligence raises new ethical questions that we need to address.,2,0,0,0,0,0,0,,46,291
80119,50001,0,1011,Student K,"Thursday, 11 January 2024, 07:44","Thursday, 11 January 2024, 07:58",1,What do you think about digital ethic?,Digital citizenship and responsible online behavior are important for everyone. Data privacy is a major concern in the digital age.,2,0,0,0,0,0,0,,20,131
80120,50000,80101,1017,Student Q,"Thursday, 11 January 2024, 09:40","Thursday, 11 January 2024, 10:05",0,Re: What do you think about digital ethic?,The digital divide also has an ethical dimension that we should not ignore. Digital citizenship and responsible online behavior are important for everyone. Cyberbullying is a form of unethical behavior online. It's important to have a strong ethical framework for the development and use of new technologies.,2,0,0,0,0,0,0,,47,308
80121,50004,80016,1016,Student P,"Thursday, 11 January 2024, 11:20","Thursday, 11 January 2024, 12:05",0,Re: What do you think about digital ethic?,Digital ethics is crucial in today's interconnected world. I believe that education is key to promoting digital ethics. The use of personal data for political advertising is a controversial topic. What are your thoughts on the ethical implications of surveillance technologies? I think artificial intelligence raises new ethical questions that we need to address.,2,0,0,0,0,0,0,,54,363
80122,50003,80004,1006,Student F,"Thursday, 11 January 2024, 13:26","Thursday, 11 January 2024, 13:52",0,Re: What do you think about digital ethic?,The right to be forgotten is an interesting concept in digital ethics. It's important to have a strong ethical framework for the development and use of new technologies. Companies should be transparent about how they use customer data.,2,0,0,0,0,0,0,,38,235
80123,50002,0,1012,Student L,"Thursday, 11 January 2024, 15:05","Thursday, 11 January 2024, 16:02",1,What do you think about digital ethic?,Digital citizenship and responsible online behavior are important for everyone. Digital ethics is crucial in today's interconnected world. Companies should be transparent about how they use customer data.,2,0,0,0,0,0,0,,28,204
80124,50002,80000,1013,Student M,"Thursday, 11 January 2024, 17:41","Thursday, 11 January 2024, 18:14",1,Re: What do you think about digital ethic?,The use of personal data for political advertising is a controversial topic. The right to be forgotten is an interesting concept in digital ethics.,2,0,0,0,0,0,0,,24,147
80125,50002,80111,1015,Student O,"Thursday, 11 January 2024, 19:28","Thursday, 11 January 2024, 19:56",0,Re: What do you think about digital ethic?,The spread of misinformation and fake news is a serious ethical issue. The right to be forgotten is an interesting concept in digital ethics. The digital divide also has an ethical dimension that we should not ignore. Digital citizenship and responsible online behavior are important for everyone. Data privacy is a major concern in the digital age.,2,0,0,0,0,0,0,,57,349
80126,50003,80004,1017,Student Q,"Thursday, 11 January 2024, 21:19","Thursday, 11 January 2024, 22:16",0,Re: What do you think about digital ethic?,How do we ensure fairness and avoid bias in algorithms? The use of personal data for political advertising is a controversial topic.,2,0,0,0,0,0,0,,22,132
80127,50001,80006,1002,Student B,"Thursday, 11 January 2024, 23:58","Friday, 12 January 2024, 00:36",1,Re: What do you think about digital ethic?,The right to be forgotten is an interesting concept in digital ethics. It's important to have a strong ethical framework for the development and use of new technologies. Digital citizenship and responsible online behavior are important for everyone. How do we ensure fairness and avoid bias in algorithms? I think artificial intelligence raises new ethical questions that we need to address.,2,0,0,0,0,0,0,,61,391
80128,50001,0,1009,Student I,"Friday, 12 January 2024, 01:08","Friday, 12 January 2024, 01:46",1,What do you think about digital ethic?,The spread of misinformation and fake news is a serious ethical issue. I think artificial intelligence raises new ethical questions that we need to address. The use of personal data for political advertising is a controversial topic. What are your thoughts on the ethical implications of surveillance technologies?,2,0,0,0,0,0,0,,48,314
80129,50000,80002,1014,Student N,"Friday, 12 January 2024, 03:21","Friday, 12 January 2024, 03:33",0,Re: What do you think about digital ethic?,Companies should be transparent about how they use customer data. What are your thoughts on the ethical implications of surveillance technologies?,2,0,0,0,0,0,0,,21,146
80130,50004,80011,1006,Student F,"Friday, 12 January 2024, 05:14","Friday, 12 January 2024, 05:21",1,Re: What do you think about digital ethic?,Companies should be transparent about how they use customer data. The digital divide also has an ethical dimension that we should not ignore.,2,0,0,0,0,0,0,,23,141
80131,50002,0,1019,Student S,"Friday, 12 January 2024, 07:58","Friday, 12 January 2024, 08:54",1,What do you think about digital ethic?,The right to be forgotten is an interesting concept in digital ethics. The spread of misinformation and fake news is a serious ethical issue.,2,0,0,0,0,0,0,,24,141
80132,50000,0,1011,Student K,"Friday, 12 January 2024, 09:06","Friday, 12 January 2024, 09:39",1,What do you think about digital ethic?,The digital divide also has an ethical dimension that we should not ignore. Data privacy is a major concern in the digital age. The spread of misinformation and fake news is a serious ethical issue. I believe that education is key to promoting digital ethics. Digital citizenship and responsible online behavior are important for everyone.,2,0,0,0,0,0,0,,55,339
80133,50000,0,1012,Student L,"Friday, 12 January 2024, 11:30","Friday, 12 January 2024, 11:59",1,What do you think about digital ethic?,Companies should be transparent about how they use customer data. I think artificial intelligence raises new ethical questions that we need to address. The spread of misinformation and fake news is a serious ethical issue.,2,0,0,0,0,0,0,,35,222
80134,50002,80038,1011,Student K,"Friday, 12 January 2024, 13:44","Friday, 12 January 2024, 14:40",1,Re: What do you think about digital ethic?,Data privacy is a major concern in the digital age. I think artificial intelligence raises new ethical questions that we need to address. The digital divide also has an ethical dimension that we should not ignore.,2,0,0,0,0,0,0,,36,213
80135,50002,80111,1013,Student M,"Friday, 12 January 2024, 15:05","Friday, 12 January 2024, 15:50",1,Re: What do you think about digital ethic?,It's important to have a strong ethical framework for the development and use of new technologies. What are your thoughts on the ethical implications of surveillance technologies?,2,0,0,0,0,0,0,,27,179
80136,50002,0,1020,Student T,"Friday, 12 January 2024, 17:01","Friday, 12 January 2024, 17:47",0,What do you think about digital ethic?,Data privacy is a major concern in the digital age. It's important to have a strong ethical framework for the development and use of new technologies. The use of personal data for political advertising is a controversial topic. What are your thoughts on the ethical implications of surveillance technologies? Digital citizenship and responsible online behavior are important for everyone.,2,0,0,0,0,0,0,,59,388
80137,50003,80063,1012,Student L,"Friday, 12 January 2024, 19:26","Friday, 12 January 2024, 19:42",0,Re: What do you think about digital ethic?,I think artificial intelligence raises new ethical questions that we need to address. It's important to have a strong ethical framework for the development and use of new technologies. The spread of misinformation and fake news is a serious ethical issue. How do we ensure fairness and avoid bias in algorithms? The digital divide also has an ethical dimension that we should not ignore.,2,0,0,0,0,0,0,,64,387
80138,50000,80132,1012,Student L,"Friday, 12 January 2024, 21:24","Friday, 12 January 2024, 21:39",1,Re: What do you think about digital ethic?,The right to be forgotten is an interesting concept in digital ethics. Digital ethics is crucial in today's interconnected world. Cyberbullying is a form of unethical behavior online. It's important to have a strong ethical framework for the development and use of new technologies.,2,0,0,0,0,0,0,,44,282
80139,50003,80004,1014,Student N,"Friday, 12 January 2024, 23:12","Friday, 12 January 2024, 23:22",1,Re: What do you think about digital ethic?,What are your thoughts on the ethical implications of surveillance technologies? The use of personal data for political advertising is a controversial topic. Digital ethics is crucial in today's interconnected world. The right to be forgotten is an interesting concept in digital ethics. Companies should be transparent about how they use customer data.,2,0,0,0,0,0,0,,53,353
80140,50003,0,1011,Student K,"Saturday, 13 January 2024, 01:05","Saturday, 13 January 2024, 01:26",1,What do you think about digital ethic?,How do we ensure fairness and avoid bias in algorithms? The spread of misinformation and fake news is a serious ethical issue. Companies should be transparent about how they use customer data.,2,0,0,0,0,0,0,,32,192
80141,50001,80006,1013,Student M,"Saturday, 13 January 2024, 03:04","Saturday, 13 January 2024, 03:22",0,Re: What do you think about digital ethic?,It's important to have a strong ethical framework for the development and use of new technologies. Cyberbullying is a form of unethical behavior online. The use of personal data for political advertising is a controversial topic.,2,0,0,0,0,0,0,,36,229
80142,50004,0,1010,Student J,"Saturday, 13 January 2024, 05:40","Saturday, 13 January 2024, 06:14",0,What do you think about digital ethic?,Data privacy is a major concern in the digital age. What are your thoughts on the ethical implications of surveillance technologies? Digital ethics is crucial in today's interconnected world. The spread of misinformation and fake news is a serious ethical issue.,2,0,0,0,0,0,0,,41,262
80143,50001,80119,1006,Student F,"Saturday, 13 January 2024, 07:49","Saturday, 13 January 2024, 08:11",1,Re: What do you think about digital ethic?,Companies should be transparent about how they use customer data. I think artificial intelligence raises new ethical questions that we need to address. Digital citizenship and responsible online behavior are important for everyone.,2,0,0,0,0,0,0,,33,231
80144,50004,80116,1011,Student K,"Saturday, 13 January 2024, 09:24","Saturday, 13 January 2024, 09:49",0,Re: What do you think about digital ethic?,What are your thoughts on the ethical implications of surveillance technologies? I think artificial intelligence raises new ethical questions that we need to address. Companies should be transparent about how they use customer data. The digital divide also has an ethical dimension that we should not ignore. Cyberbullying is a form of unethical behavior online.,2,0,0,0,0,0,0,,55,362
80145,50001,80119,1010,Student J,"Saturday, 13 January 2024, 11:41","Saturday, 13 January 2024, 12:29",1,Re: What do you think about digital ethic?,The use of personal data for political advertising is a controversial topic. Digital citizenship and responsible online behavior are important for everyone. Data privacy is a major concern in the digital age. I believe that education is key to promoting digital ethics.,2,0,0,0,0,0,0,,42,269
80146,50004,0,1019,Student S,"Saturday, 13 January 2024, 13:35","Saturday, 13 January 2024, 13:50",1,What do you think about digital ethic?,Cyberbullying is a form of unethical behavior online. The spread of misinformation and fake news is a serious ethical issue.,2,0,0,0,0,0,0,,20,124
80147,50004,80116,1008,Student H,"Saturday, 13 January 2024, 15:57","Saturday, 13 January 2024, 16:32",0,Re: What do you think about digital ethic?,What are your thoughts on the ethical implications of surveillance technologies? I believe that education is key to promoting digital ethics. The digital divide also has an ethical dimension that we should not ignore. I think artificial intelligence raises new ethical questions that we need to address.,2,0,0,0,0,0,0,,47,303
80148,50003,80004,1010,Student J,"Saturday, 13 January 2024, 17:47","Saturday, 13 January 2024, 18:34",1,Re: What do you think about digital ethic?,I believe that education is key to promoting digital ethics. Cyberbullying is a form of unethical behavior online. Digital ethics is crucial in today's interconnected world.,2,0,0,0,0,0,0,,26,173
80149,50004,0,1017,Student Q,"Saturday, 13 January 2024, 19:56","Saturday, 13 January 2024, 20:16",0,What do you think about digital ethic?,The use of personal data for political advertising is a controversial topic. Digital ethics is crucial in today's interconnected world. It's important to have a strong ethical framework for the development and use of new technologies.,2,0,0,0,0,0,0,,36,234
80150,50000,0,1010,Student J,"Saturday, 13 January 2024, 21:42","Saturday, 13 January 2024, 21:58",1,What do you think about digital ethic?,How do we ensure fairness and avoid bias in algorithms? The digital divide also has an ethical dimension that we should not ignore. Digital citizenship and responsible online behavior are important for everyone. Companies should be transparent about how they use customer data. The spread of misinformation and fake news is a serious ethical issue.,2,0,0,0,0,0,0,,55,348
80151,50001,80077,1003,Student C,"Saturday, 13 January 2024, 23:51","Sunday, 14 January 2024, 00:03",1,Re: What do you think about digital ethic?,Companies should be transparent about how they use customer data. The right to be forgotten is an interesting concept in digital ethics. The digital divide also has an ethical dimension that we should not ignore.,2,0,0,0,0,0,0,,35,212
80152,50002,80062,1018,Student R,"Sunday, 14 January 2024, 01:51","Sunday, 14 January 2024, 02:30",1,Re: What do you think about digital ethic?,The digital divide also has an ethical dimension that we should not ignore. Companies should be transparent about how they use customer data. The right to be forgotten is an interesting concept in digital ethics. I think artificial intelligence raises new ethical questions that we need to address.,2,0,0,0,0,0,0,,48,298
80153,50002,80136,1011,Student K,"Sunday, 14 January 2024, 03:30","Sunday, 14 January 2024, 04:02",1,Re: What do you think about digital ethic?,The digital divide also has an ethical dimension that we should not ignore. It's important to have a strong ethical framework for the development and use of new technologies. Digital citizenship and responsible online behavior are important for everyone. Digital ethics is crucial in today's interconnected world.,2,0,0,0,0,0,0,,47,313
80154,50004,80003,1013,Student M,"Sunday, 14 January 2024, 05:30","Sunday, 14 January 2024, 05:52",1,Re: What do you think about digital ethic?,The spread of misinformation and fake news is a serious ethical issue. The right to be forgotten is an interesting concept in digital ethics.,2,0,0,0,0,0,0,,24,141
80155,50003,0,1017,Student Q,"Sunday, 14 January 2024, 07:12","Sunday, 14 January 2024, 07:47",1,What do you think about digital ethic?,Companies should be transparent about how they use customer data. How do we ensure fairness and avoid bias in algorithms?,2,0,0,0,0,0,0,,20,121
80156,50003,80004,1018,Student R,"Sunday, 14 January 2024, 09:15","Sunday, 14 January 2024, 09:39",0,Re: What do you think about digital ethic?,Data privacy is a major concern in the digital age. The digital divide also has an ethical dimension that we should not ignore. Digital citizenship and responsible online behavior are important for everyone.,2,0,0,0,0,0,0,,33,207
80157,50002,80038,1020,Student T,"Sunday, 14 January 2024, 11:01","Sunday, 14 January 2024, 11:06",1,Re: What do you think about digital ethic?,How do we ensure fairness and avoid bias in algorithms? Digital ethics is crucial in today's interconnected world.,2,0,0,0,0,0,0,,18,114
80158,50000,80150,1019,Student S,"Sunday, 14 January 2024, 13:43","Sunday, 14 January 2024, 13:48",0,Re: What do you think about digital ethic?,The spread of misinformation and fake news is a serious ethical issue. The digital divide also has an ethical dimension that we should not ignore. I believe that education is key to promoting digital ethics. Digital citizenship and responsible online behavior are important for everyone. I think artificial intelligence raises new ethical questions that we need to address.,2,0,0,0,0,0,0,,58,373
80159,50003,80063,1005,Student E,"Sunday, 14 January 2024, 15:36","Sunday, 14 January 2024, 16:25",0,Re: What do you think about digital ethic?,Digital ethics is crucial in today's interconnected world. How do we ensure fairness and avoid bias in algorithms? I believe that education is key to promoting digital ethics.,2,0,0,0,0,0,0,,28,175
80160,50003,80024,1010,Student J,"Sunday, 14 January 2024, 17:17","Sunday, 14 January 2024, 17:32",1,Re: What do you think about digital ethic?,How do we ensure fairness and avoid bias in algorithms? Data privacy is a major concern in the digital age. The spread of misinformation and fake news is a serious ethical issue. I think artificial intelligence raises new ethical questions that we need to address. Companies should be transparent about how they use customer data.,2,0,0,0,0,0,0,,55,330
80161,50003,80063,1020,Student T,"Sunday, 14 January 2024, 19:54","Sunday, 14 January 2024, 20:48",1,Re: What do you think about digital ethic?,How do we ensure fairness and avoid bias in algorithms? The right to be forgotten is an interesting concept in digital ethics.,2,0,0,0,0,0,0,,22,126
80162,50003,80140,1016,Student P,"Sunday, 14 January 2024, 21:14","Sunday, 14 January 2024, 22:09",1,Re: What do you think about digital ethic?,What are your thoughts on the ethical implications of surveillance technologies? Digital ethics is crucial in today's interconnected world. Companies should be transparent about how they use customer data. The spread of misinformation and fake news is a serious ethical issue. I think artificial intelligence raises new ethical questions that we need to address.,2,0,0,0,0,0,0,,54,362
80163,50000,80001,1012,Student L,"Sunday, 14 January 2024, 23:58","Monday, 15 January 2024, 00:27",0,Re: What do you think about digital ethic?,How do we ensure fairness and avoid bias in algorithms? Cyberbullying is a form of unethical behavior online. The spread of misinformation and fake news is a serious ethical issue. Digital citizenship and responsible online behavior are important for everyone. Data privacy is a major concern in the digital age.,2,0,0,0,0,0,0,,50,312
80164,50004,80142,1017,Student Q,"Monday, 15 January 2024, 01:28","Monday, 15 January 2024, 02:24",0,Re: What do you think about digital ethic?,I think artificial intelligence raises new ethical questions that we need to address. Companies should be transparent about how they use customer data. Cyberbullying is a form of unethical behavior online.,2,0,0,0,0,0,0,,31,205
80165,50003,80004,1010,Student J,"Monday, 15 January 2024, 03:35","Monday, 15 January 2024, 04:14",0,Re: What do you think about digital ethic?,Digital citizenship and responsible online behavior are important for everyone. I believe that education is key to promoting digital ethics.,2,0,0,0,0,0,0,,20,140
80166,50004,80022,1018,Student R,"Monday, 15 January 2024, 05:48","Monday, 15 January 2024, 05:58",1,Re: What do you think about digital ethic?,I believe that education is key to promoting digital ethics. It's important to have a strong ethical framework for the development and use of new technologies.,2,0,0,0,0,0,0,,26,159
80167,50002,80000,1005,Student E,"Monday, 15 January 2024, 07:34","Monday, 15 January 2024, 08:31",1,Re: What do you think about digital ethic?,Companies should be transparent about how they use customer data. I believe that education is key to promoting digital ethics. The spread of misinformation and fake news is a serious ethical issue. The right to be forgotten is an interesting concept in digital ethics. It's important to have a strong ethical framework for the development and use of new technologies.,2,0,0,0,0,0,0,,60,367
80168,50002,80123,1015,Student O,"Monday, 15 January 2024, 09:56","Monday, 15 January 2024, 10:04",1,Re: What do you think about digital ethic?,Cyberbullying is a form of unethical behavior online. I think artificial intelligence raises new ethical questions that we need to address.,2,0,0,0,0,0,0,,21,139
80169,50000,80028,1019,Student S,"Monday, 15 January 2024, 11:32","Monday, 15 January 2024, 12:13",0,Re: What do you think about digital ethic?,Data privacy is a major concern in the digital age. The use of personal data for political advertising is a controversial topic. The digital divide also has an ethical dimension that we should not ignore.,2,0,0,0,0,0,0,,35,204
80170,50003,80140,1017,Student Q,"Monday, 15 January 2024, 13:12","Monday, 15 January 2024, 13:34",0,Re: What do you think about digital ethic?,The spread of misinformation and fake news is a serious ethical issue. The right to be forgotten is an interesting concept in digital ethics.,2,0,0,0,0,0,0,,24,141
80171,50003,80063,1016,Student P,"Monday, 15 January 2024, 15:41","Monday, 15 January 2024, 16:05",1,Re: What do you think about digital ethic?,I think artificial intelligence raises new ethical questions that we need to address. It's important to have a strong ethical framework for the development and use of new technologies.,2,0,0,0,0,0,0,,29,184
80172,50004,80102,1008,Student H,"Monday, 15 January 2024, 17:10","Monday, 15 January 2024, 17:53",1,Re: What do you think about digital ethic?,Digital ethics is crucial in today's interconnected world. Data privacy is a major concern in the digital age. What are your thoughts on the ethical implications of surveillance technologies?,2,0,0,0,0,0,0,,29,191
80173,50002,80111,1008,Student H,"Monday, 15 January 2024, 19:02","Monday, 15 January 2024, 19:43",1,Re: What do you think about digital ethic?,The right to be forgotten is an interesting concept in digital ethics. The digital divide also has an ethical dimension that we should not ignore. Digital ethics is crucial in today's interconnected world. I believe that education is key to promoting digital ethics. What are your thoughts on the ethical implications of surveillance technologies?,2,0,0,0,0,0,0,,54,347
80174,50002,80136,1004,Student D,"Monday, 15 January 2024, 21:01","Monday, 15 January 2024, 21:24",1,Re: What do you think about digital ethic?,It's important to have a strong ethical framework for the development and use of new technologies. Data privacy is a major concern in the digital age.,2,0,0,0,0,0,0,,26,150
80175,50001,0,1005,Student E,"Monday, 15 January 2024, 23:49","Tuesday, 16 January 2024, 00:31",0,What do you think about digital ethic?,The use of personal data for political advertising is a controversial topic. Companies should be transparent about how they use customer data.,2,0,0,0,0,0,0,,22,142
80176,50004,80003,1010,Student J,"Tuesday, 16 January 2024, 01:34","Tuesday, 16 January 2024, 02:28",1,Re: What do you think about digital ethic?,The use of personal data for political advertising is a controversial topic. I think artificial intelligence raises new ethical questions that we need to address. The right to be forgotten is an interesting concept in digital ethics. I believe that education is key to promoting digital ethics.,2,0,0,0,0,0,0,,47,294
80177,50002,0,1014,Student N,"Tuesday, 16 January 2024, 03:10","Tuesday, 16 January 2024, 03:31",0,What do you think about digital ethic?,I think artificial intelligence raises new ethical questions that we need to address. Data privacy is a major concern in the digital age. Digital citizenship and responsible online behavior are important for everyone. Digital ethics is crucial in today's interconnected world. The digital divide also has an ethical dimension that we should not ignore.,2,0,0,0,0,0,0,,54,352
80178,50002,80097,1017,Student Q,"Tuesday, 16 January 2024, 05:07","Tuesday, 16 January 2024, 05:29",0,Re: What do you think about digital ethic?,The use of personal data for political advertising is a controversial topic. Digital ethics is crucial in today's interconnected world. It's important to have a strong ethical framework for the development and use of new technologies.,2,0,0,0,0,0,0,,36,234
80179,50002,80123,1018,Student R,"Tuesday, 16 January 2024, 07:37","Tuesday, 16 January 2024, 07:42",0,Re: What do you think about digital ethic?,I think artificial intelligence raises new ethical questions that we need to address. Digital citizenship and responsible online behavior are important for everyone. Digital ethics is crucial in today's interconnected world.,2,0,0,0,0,0,0,,31,224
80180,50004,0,1008,Student H,"Tuesday, 16 January 2024, 09:34","Tuesday, 16 January 2024, 10:04",1,What do you think about digital ethic?,Companies should be transparent about how they use customer data. The digital divide also has an ethical dimension that we should not ignore. The spread of misinformation and fake news is a serious ethical issue. How do we ensure fairness and avoid bias in algorithms? Digital ethics is crucial in today's interconnected world.,2,0,0,0,0,0,0,,53,327
80181,50001,0,1014,Student N,"Tuesday, 16 January 2024, 11:24","Tuesday, 16 January 2024, 11:34",1,What do you think about digital ethic?,Digital ethics is crucial in today's interconnected world. It's important to have a strong ethical framework for the development and use of new technologies. Cyberbullying is a form of unethical behavior online. How do we ensure fairness and avoid bias in algorithms? The use of personal data for political advertising is a controversial topic.,2,0,0,0,0,0,0,,54,344
80182,50004,80146,1010,Student J,"Tuesday, 16 January 2024, 13:13","Tuesday, 16 January 2024, 13:44",1,Re: What do you think about digital ethic?,I think artificial intelligence raises new ethical questions that we need to address. What are your thoughts on the ethical implications of surveillance technologies?,2,0,0,0,0,0,0,,24,166
80183,50003,80140,1005,Student E,"Tuesday, 16 January 2024, 15:08","Tuesday, 16 January 2024, 15:21",1,Re: What do you think about digital ethic?,Data privacy is a major concern in the digital age. What are your thoughts on the ethical implications of surveillance technologies? I believe that education is key to promoting digital ethics. It's important to have a strong ethical framework for the development and use of new technologies.,2,0,0,0,0,0,0,,47,292
80184,50002,80079,1001,Student A,"Tuesday, 16 January 2024, 17:32","Tuesday, 16 January 2024, 18:01",0,Re: What do you think about digital ethic?,I believe that education is key to promoting digital ethics. The use of personal data for political advertising is a controversial topic. Companies should be transparent about how they use customer data.,2,0,0,0,0,0,0,,32,203
80185,50000,0,1010,Student J,"Tuesday, 16 January 2024, 19:00","Tuesday, 16 January 2024, 19:26",0,What do you think about digital ethic?,Digital ethics is crucial in today's interconnected world. Cyberbullying is a form of unethical behavior online. Companies should be transparent about how they use customer data.,2,0,0,0,0,0,0,,26,178
80186,50004,80016,1002,Student B,"Tuesday, 16 January 2024, 21:48","Tuesday, 16 January 2024, 22:26",1,Re: What do you think about digital ethic?,The right to be forgotten is an interesting concept in digital ethics. The use of personal data for political advertising is a controversial topic. How do we ensure fairness and avoid bias in algorithms? It's important to have a strong ethical framework for the development and use of new technologies.,2,0,0,0,0,0,0,,50,302
80187,50001,0,1017,Student Q,"Tuesday, 16 January 2024, 23:58","Wednesday, 17 January 2024, 00:41",1,What do you think about digital ethic?,It's important to have a strong ethical framework for the development and use of new technologies. The use of personal data for political advertising is a controversial topic. What are your thoughts on the ethical implications of surveillance technologies? Digital ethics is crucial in today's interconnected world. Digital citizenship and responsible online behavior are important for everyone.,2,0,0,0,0,0,0,,57,395
80188,50000,80133,1020,Student T,"Wednesday, 17 January 2024, 01:16","Wednesday, 17 January 2024, 02:07",1,Re: What do you think about digital ethic?,Cyberbullying is a form of unethical behavior online. Digital citizenship and responsible online behavior are important for everyone. How do we ensure fairness and avoid bias in algorithms?,2,0,0,0,0,0,0,,28,189
80189,50000,80058,1011,Student K,"Wednesday, 17 January 2024, 03:09","Wednesday, 17 January 2024, 03:28",1,Re: What do you think about digital ethic?,Cyberbullying is a form of unethical behavior online. The right to be forgotten is an interesting concept in digital ethics. Companies should be transparent about how they use customer data. The use of personal data for political advertising is a controversial topic. The spread of misinformation and fake news is a serious ethical issue.,2,0,0,0,0,0,0,,54,338
80190,50004,80022,1011,Student K,"Wednesday, 17 January 2024, 05:41","Wednesday, 17 January 2024, 06:01",0,Re: What do you think about digital ethic?,Data privacy is a major concern in the digital age. The use of personal data for political advertising is a controversial topic. I think artificial intelligence raises new ethical questions that we need to address. It's important to have a strong ethical framework for the development and use of new technologies. Cyberbullying is a form of unethical behavior online.,2,0,0,0,0,0,0,,59,367
80191,50001,80077,1015,Student O,"Wednesday, 17 January 2024, 07:37","Wednesday, 17 January 2024, 08:32",0,Re: What do you think about digital ethic?,Digital ethics is crucial in today's interconnected world. The spread of misinformation and fake news is a serious ethical issue. The right to be forgotten is an interesting concept in digital ethics. The use of personal data for political advertising is a controversial topic.,2,0,0,0,0,0,0,,44,277
80192,50002,80111,1007,Student G,"Wednesday, 17 January 2024, 09:05","Wednesday, 17 January 2024, 09:28",0,Re: What do you think about digital ethic?,The spread of misinformation and fake news is a serious ethical issue. I think artificial intelligence raises new ethical questions that we need to address. The right to be forgotten is an interesting concept in digital ethics. The use of personal data for political advertising is a controversial topic.,2,0,0,0,0,0,0,,49,304
80193,50002,80038,1009,Student I,"Wednesday, 17 January 2024, 11:29","Wednesday, 17 January 2024, 11:51",1,Re: What do you think about digital ethic?,Digital citizenship and responsible online behavior are important for everyone. Cyberbullying is a form of unethical behavior online.,2,0,0,0,0,0,0,,18,133
80194,50004,80042,1002,Student B,"Wednesday, 17 January 2024, 13:29","Wednesday, 17 January 2024, 14:05",1,Re: What do you think about digital ethic?,The digital divide also has an ethical dimension that we should not ignore. Digital citizenship and responsible online behavior are important for everyone. I believe that education is key to promoting digital ethics. What are your thoughts on the ethical implications of surveillance technologies?,2,0,0,0,0,0,0,,44,297
80195,50002,80079,1018,Student R,"Wednesday, 17 January 2024, 15:28","Wednesday, 17 January 2024, 16:09",0,Re: What do you think about digital ethic?,Cyberbullying is a form of unethical behavior online. The digital divide also has an ethical dimension that we should not ignore.,2,0,0,0,0,0,0,,21,129
80196,50004,80146,1011,Student K,"Wednesday, 17 January 2024, 17:07","Wednesday, 17 January 2024, 17:14",0,Re: What do you think about digital ethic?,The digital divide also has an ethical dimension that we should not ignore. The spread of misinformation and fake news is a serious ethical issue. Cyberbullying is a form of unethical behavior online. I believe that education is key to promoting digital ethics.,2,0,0,0,0,0,0,,43,261
80197,50001,80066,1006,Student F,"Wednesday, 17 January 2024, 19:29","Wednesday, 17 January 2024, 19:53",0,Re: What do you think about digital ethic?,It's important to have a strong ethical framework for the development and use of new technologies. I think artificial intelligence raises new ethical questions that we need to address. I believe that education is key to promoting digital ethics. Cyberbullying is a form of unethical behavior online.,2,0,0,0,0,0,0,,47,299
80198,50002,80000,1011,Student K,"Wednesday, 17 January 2024, 21:09","Wednesday, 17 January 2024, 21:41",1,Re: What do you think about digital ethic?,The use of personal data for political advertising is a controversial topic. Data privacy is a major concern in the digital age. What are your thoughts on the ethical implications of surveillance technologies? It's important to have a strong ethical framework for the development and use of new technologies.,2,0,0,0,0,0,0,,49,308
80199,50000,80028,1001,Student A,"Wednesday, 17 January 2024, 23:58","Thursday, 18 January 2024, 00:24",1,Re: What do you think about digital ethic?,How do we ensure fairness and avoid bias in algorithms? The use of personal data for political advertising is a controversial topic. Digital citizenship and responsible online behavior are important for everyone. I think artificial intelligence raises new ethical questions that we need to address.,2,0,0,0,0,0,0,,45,298
