First name,Last name,ID number,Institution,Department,Email address,Assignment: Case Study: Algorithmic Bias,Forum: Discussion: AI and Bias,Forum: General announcements,Quiz: Quiz 1: Data Privacy Concepts,Last downloaded from this course
Student,A,S2300201,HSU University,Business School,s2300201@hsu.edu.hk,82.89,5.51,-,5.76,"01 March 2024, 13:09"
Student,B,S2300202,HSU University,Business School,s2300202@hsu.edu.hk,74.91,8.94,-,-,"02 March 2024, 18:13"
Student,C,S2300203,HSU University,Business School,s2300203@hsu.edu.hk,87.51,5.18,-,7.19,"03 March 2024, 18:20"
Student,D,S2300204,HSU University,Business School,s2300204@hsu.edu.hk,80.43,6.75,-,7.56,"04 March 2024, 15:00"
Student,E,S2300205,HSU University,Business School,s2300205@hsu.edu.hk,83.97,5.36,-,8.94,"05 March 2024, 15:24"
Student,F,S2300206,HSU University,Business School,s2300206@hsu.edu.hk,84.64,6.62,-,7.80,"06 March 2024, 12:36"
Student,G,S2300207,HSU University,Business School,s2300207@hsu.edu.hk,72.66,5.17,-,6.30,"07 March 2024, 13:47"
Student,H,S2300208,HSU University,Business School,s2300208@hsu.edu.hk,92.99,9.97,-,9.83,"08 March 2024, 19:32"
Student,I,S2300209,HSU University,Business School,s2300209@hsu.edu.hk,72.56,5.81,-,6.96,"09 March 2024, 12:42"
Student,J,S2300210,HSU University,Business School,s2300210@hsu.edu.hk,72.11,8.58,-,5.28,"10 March 2024, 13:46"
Student,K,S2300211,HSU University,Business School,s2300211@hsu.edu.hk,82.03,-,-,7.61,"11 March 2024, 11:10"
Student,L,S2300212,HSU University,Business School,s2300212@hsu.edu.hk,71.43,7.00,-,8.33,"12 March 2024, 14:27"
Student,M,S2300213,HSU University,Business School,s2300213@hsu.edu.hk,76.54,10.00,-,7.60,"13 March 2024, 19:27"
Student,N,S2300214,HSU University,Business School,s2300214@hsu.edu.hk,65.84,8.02,-,8.00,"14 March 2024, 13:24"
Student,O,S2300215,HSU University,Business School,s2300215@hsu.edu.hk,97.30,9.08,-,5.43,"15 March 2024, 17:36"
Student,P,S2300216,HSU University,Business School,s2300216@hsu.edu.hk,68.59,-,-,6.68,"16 March 2024, 10:16"
Student,Q,S2300217,HSU University,Business School,s2300217@hsu.edu.hk,72.84,6.19,-,5.25,"17 March 2024, 10:56"
Student,R,S2300218,HSU University,Business School,s2300218@hsu.edu.hk,-,8.19,-,7.82,"18 March 2024, 11:18"
Student,S,S2300219,HSU University,Business School,s2300219@hsu.edu.hk,94.11,7.22,-,9.84,"19 March 2024, 21:27"
Student,T,S2300220,HSU University,Business School,s2300220@hsu.edu.hk,82.29,5.49,-,8.74,"20 March 2024, 16:15"
